Juego de Tronos: La Exposición Oficial;https://www.esmadrid.com/agenda/juego-tronos-exposicion-oficial-espacio-51-ifema-feria-madrid;Martes a domingos. Hasta 15 el de marzo;Calle Ribera del Sena, 7 28042

None;https://www.esmadrid.com/agenda/juego-tronos-exposicion-oficial-espacio-51-ifema-feria-madrid;;

None;https://www.esmadrid.com/agenda/juego-tronos-exposicion-oficial-espacio-51-ifema-feria-madrid;;

Tutankhamon: La tumba y sus tesoros;https://www.esmadrid.com/agenda/tutankhamon-tumba-tesoros-espacio-51-ifema-feria-madrid;Del 23 de noviembre al 19 de abril;Calle Ribera del Sena, 7 28042

Abierto por diseño. Producto urbano y diseño industrial en la década de los 60;https://www.esmadrid.com/agenda/abierto-por-diseno-producto-urbano-y-diseno-industrial-en-la-decada-de-los-60-museo-del-traje;Hasta 22 mar;Avenida de Juan de Herrera, 2 28040

None;https://www.esmadrid.com/agenda/abierto-por-diseno-producto-urbano-y-diseno-industrial-en-la-decada-de-los-60-museo-del-traje;;

None;https://www.esmadrid.com/agenda/abierto-por-diseno-producto-urbano-y-diseno-industrial-en-la-decada-de-los-60-museo-del-traje;;

Todo cuanto sueño o pierdo. Maestros del Vintage;https://www.esmadrid.com/agenda/todo-cuanto-sueno-o-pierdo-maestros-del-vintage-blanca-berlin-galeria;Hasta 29 feb;Calle del Limón, 28 28015

Game On. La historia del videojuego 1972-2020;https://www.esmadrid.com/agenda/game-historia-videojuego-1972-2020-fundacion-canal-sala-castellana-214;Hasta 31 mayo;Paseo de la Castellana, 214 28046

80 aniversario del exilio republicano español;https://www.esmadrid.com/agenda/80-aniversario-exilio-republicano-espanol-sala-exposiciones-arqueria-nuevos-ministerios;Hasta el 31 de enero;Paseo de la Castellana, 67 28046

Vitrina de antropología (in)visible: Ríos de Cultura/s;https://www.esmadrid.com/agenda/vitrina-de-antropologia-invisible-rios-de-culturas-museo-nacional-de-antropologia;Del 14 de enero al 12 de abril;Calle de Alfonso XII, 68 28014

Egipto 1909. El viaje de los Amatller a la tierra de los faraones;https://www.esmadrid.com/agenda/egipto-1909-viaje-amatller-tierra-faraones-casa-b-travel-brand-xperience;Hasta el 19 de marzo;Calle de Miguel Ángel, 33 28010

